{
  "project_info": {
    "project_number": "781268850978",
    "firebase_url": "https://itemtracker-89df4.firebaseio.com",
    "project_id": "itemtracker-89df4",
    "storage_bucket": "itemtracker-89df4.appspot.com"
  },
  "client": [
    {
      "client_info": {
        "mobilesdk_app_id": "1:781268850978:android:5eaeed320734ecbe",
        "android_client_info": {
          "package_name": "code.clsolutions.item_tracker"
        }
      },
      "oauth_client": [
        {
          "client_id": "781268850978-nhbddt9lmv35vo6kft61m2fiuj7beh5l.apps.googleusercontent.com",
          "client_type": 3
        }
      ],
      "api_key": [
        {
          "current_key": "AIzaSyCS9o10rvx7nYAiraotWubDz4nXuYi67zI"
        }
      ],
      "services": {
        "appinvite_service": {
          "other_platform_oauth_client": [
            {
              "client_id": "781268850978-nhbddt9lmv35vo6kft61m2fiuj7beh5l.apps.googleusercontent.com",
              "client_type": 3
            }
          ]
        }
      }
    }
  ],
  "configuration_version": "1"
}